feature,exclusive_in_n_genes
11876,5
12347,5
6349,4
10558,3
31095,3
27948,2
24632,1
8391,1
9386,1
25772,1
1359,1
18075,1
27113,1
3407,1
0,0
8195,0
24580,0
16390,0
7,0
8200,0
16391,0
16393,0
24583,0
24586,0
24589,0
8210,0
8211,0
20,0
8212,0
16402,0
16406,0
24597,0
24599,0
16410,0
8221,0
8222,0
8223,0
8225,0
34,0
35,0
16417,0
24610,0
24611,0
8235,0
24619,0
16433,0
16437,0
24629,0
24633,0
16442,0
63,0
16448,0
24641,0
66,0
16452,0
8261,0
16453,0
8264,0
73,0
16458,0
8267,0
24656,0
16469,0
16470,0
24661,0
8280,0
24664,0
91,0
16475,0
8286,0
8287,0
8291,0
100,0
102,0
24678,0
8297,0
106,0
107,0
16495,0
24688,0
16497,0
16499,0
116,0
8308,0
8310,0
24697,0
24701,0
8317,0
16511,0
8321,0
8322,0
131,0
24705,0
8326,0
24711,0
8331,0
8332,0
142,0
8335,0
144,0
145,0
146,0
8337,0
16528,0
149,0
16532,0
24724,0
8346,0
24730,0
8348,0
157,0
8349,0
16541,0
24734,0
16545,0
24739,0
165,0
8358,0
8359,0
168,0
169,0
8361,0
16550,0
16555,0
16557,0
24750,0
175,0
8369,0
8371,0
180,0
8372,0
16566,0
183,0
8377,0
16571,0
16572,0
24766,0
16577,0
24769,0
196,0
197,0
200,0
8392,0
8393,0
209,0
16593,0
24787,0
8404,0
16597,0
16600,0
220,0
24799,0
8416,0
8421,0
16614,0
8425,0
16617,0
236,0
237,0
16620,0
24816,0
24817,0
24821,0
8438,0
8440,0
249,0
24826,0
253,0
8447,0
8449,0
8450,0
24834,0
266,0
8464,0
8468,0
16660,0
279,0
281,0
8473,0
24858,0
16670,0
291,0
16676,0
24868,0
294,0
8492,0
302,0
305,0
16690,0
24883,0
310,0
313,0
16698,0
24890,0
321,0
16705,0
24897,0
16708,0
8518,0
16710,0
16712,0
24903,0
330,0
8524,0
16721,0
16723,0
16729,0
16732,0
16733,0
350,0
353,0
16737,0
8547,0
16742,0
359,0
8551,0
24942,0
8562,0
24951,0
8568,0
377,0
24955,0
24957,0
24959,0
24960,0
8577,0
8583,0
16777,0
16778,0
24970,0
24971,0
8590,0
8591,0
24975,0
24976,0
16787,0
24982,0
16793,0
16795,0
16796,0
413,0
16799,0
24993,0
25000,0
425,0
16810,0
8619,0
25003,0
16813,0
16814,0
8623,0
8627,0
25013,0
8631,0
25018,0
443,0
25021,0
25022,0
447,0
451,0
25028,0
8649,0
8653,0
462,0
16845,0
8657,0
25041,0
16375,0
469,0
16857,0
475,0
8667,0
25052,0
16865,0
8675,0
485,0
25061,0
487,0
25064,0
8682,0
16875,0
16878,0
25070,0
496,0
497,0
498,0
8688,0
8691,0
8692,0
25075,0
16887,0
16889,0
509,0
25086,0
511,0
513,0
16897,0
16900,0
25094,0
25098,0
524,0
16908,0
25100,0
25103,0
8720,0
8724,0
16917,0
8727,0
8729,0
539,0
8733,0
16926,0
16930,0
16932,0
549,0
550,0
16934,0
8746,0
25133,0
16942,0
25137,0
16952,0
25146,0
25147,0
573,0
25149,0
8767,0
578,0
25155,0
580,0
16966,0
16968,0
8777,0
16972,0
8782,0
16979,0
596,0
597,0
8788,0
8789,0
600,0
8793,0
16987,0
8796,0
8798,0
25188,0
8805,0
614,0
16997,0
618,0
25196,0
8814,0
626,0
627,0
17012,0
629,0
8824,0
8828,0
25212,0
638,0
17025,0
644,0
17031,0
8841,0
17033,0
651,0
25229,0
17041,0
658,0
659,0
25234,0
661,0
8854,0
663,0
25236,0
665,0
8857,0
8858,0
668,0
25242,0
25247,0
673,0
675,0
25251,0
17062,0
17063,0
25254,0
681,0
17065,0
8875,0
8876,0
8877,0
17067,0
692,0
17078,0
8888,0
17082,0
700,0
701,0
702,0
17088,0
17089,0
25280,0
25282,0
712,0
713,0
25290,0
25291,0
8908,0
17101,0
8910,0
25296,0
25299,0
725,0
17110,0
8919,0
728,0
8921,0
17112,0
25302,0
25309,0
8927,0
8928,0
17123,0
8932,0
25317,0
750,0
753,0
8945,0
8949,0
25333,0
17144,0
762,0
8955,0
25339,0
17153,0
25346,0
771,0
8965,0
778,0
780,0
17169,0
17170,0
8981,0
25366,0
793,0
25369,0
798,0
25376,0
25378,0
9000,0
811,0
25387,0
17197,0
25388,0
17200,0
17202,0
25397,0
17206,0
9015,0
824,0
825,0
25399,0
25406,0
25407,0
834,0
9027,0
836,0
25411,0
9030,0
839,0
9031,0
841,0
25413,0
843,0
25420,0
845,0
846,0
25422,0
850,0
851,0
852,0
9044,0
25431,0
858,0
25435,0
17246,0
865,0
9058,0
9059,0
868,0
17249,0
25443,0
25446,0
872,0
17256,0
25451,0
876,0
880,0
17266,0
17269,0
9079,0
17274,0
25466,0
9084,0
25469,0
17281,0
899,0
9091,0
9098,0
9101,0
17295,0
912,0
913,0
9105,0
17299,0
25487,0
25490,0
17303,0
25495,0
9115,0
17312,0
930,0
9123,0
17314,0
937,0
9129,0
17323,0
9134,0
9136,0
949,0
9144,0
955,0
956,0
17339,0
17340,0
9151,0
17342,0
17344,0
25531,0
25541,0
9158,0
25545,0
970,0
17354,0
17356,0
17357,0
25552,0
9170,0
9172,0
25556,0
982,0
9178,0
987,0
17372,0
989,0
25562,0
991,0
9185,0
9186,0
9187,0
17380,0
17381,0
998,0
17382,0
25570,0
17385,0
1002,0
1004,0
9198,0
1007,0
25582,0
9204,0
1013,0
17396,0
25588,0
1018,0
17402,0
25597,0
1022,0
17407,0
17408,0
25601,0
1028,0
1029,0
9222,0
9223,0
25608,0
1033,0
1034,0
9225,0
17423,0
25615,0
17426,0
17428,0
1046,0
1050,0
17436,0
1054,0
1055,0
9247,0
17440,0
25633,0
25634,0
1063,0
9256,0
9259,0
1068,0
1070,0
9263,0
1072,0
9264,0
9266,0
1075,0
25646,0
25647,0
25653,0
25654,0
9273,0
17466,0
25660,0
17469,0
9278,0
25662,0
1088,0
9280,0
17474,0
25666,0
25668,0
17477,0
17481,0
1098,0
1099,0
9295,0
17487,0
25680,0
17490,0
9299,0
1109,0
9304,0
1115,0
17499,0
17501,0
1118,0
17504,0
9313,0
25703,0
17514,0
1135,0
25711,0
1137,0
9329,0
25719,0
17537,0
1154,0
9347,0
1157,0
17541,0
25734,0
1160,0
17545,0
1162,0
25736,0
9356,0
17548,0
25740,0
25742,0
9365,0
17557,0
1175,0
25753,0
17564,0
1181,0
9374,0
9375,0
1184,0
17569,0
25760,0
1189,0
17575,0
17576,0
25767,0
1194,0
9391,0
17586,0
25779,0
25780,0
25782,0
9400,0
25788,0
17598,0
17600,0
1218,0
9410,0
25798,0
17607,0
9417,0
25801,0
17612,0
17616,0
1233,0
9425,0
25810,0
9432,0
1245,0
25822,0
17632,0
9441,0
25825,0
1252,0
9448,0
1257,0
1260,0
9452,0
25836,0
25837,0
1264,0
25843,0
9460,0
17652,0
1270,0
9462,0
9463,0
9465,0
9466,0
1275,0
17653,0
17658,0
25851,0
1279,0
17664,0
9473,0
25853,0
25860,0
17671,0
17672,0
9484,0
25871,0
25875,0
1301,0
25878,0
1304,0
25880,0
1306,0
9498,0
1308,0
25881,0
25890,0
1315,0
1317,0
25894,0
9512,0
9513,0
1323,0
1325,0
17712,0
17715,0
1333,0
9526,0
1335,0
1337,0
17721,0
25917,0
1344,0
25921,0
1346,0
9539,0
9544,0
25930,0
17739,0
17740,0
1358,0
9550,0
9552,0
25934,0
25936,0
25938,0
17749,0
1366,0
9558,0
17750,0
9561,0
25939,0
25945,0
17756,0
9566,0
17758,0
1376,0
17761,0
25955,0
25956,0
17766,0
25961,0
9585,0
1394,0
25971,0
9588,0
1405,0
1407,0
9600,0
25990,0
25991,0
17801,0
9610,0
9611,0
25994,0
17806,0
9616,0
26002,0
9622,0
1433,0
9627,0
1437,0
1438,0
17823,0
26016,0
26020,0
1446,0
26024,0
17833,0
1452,0
9645,0
1455,0
1456,0
17840,0
9650,0
17841,0
26033,0
9654,0
9655,0
26040,0
9657,0
9658,0
9660,0
1469,0
17852,0
26048,0
1473,0
17858,0
9668,0
26052,0
9670,0
17864,0
17867,0
17873,0
9683,0
26067,0
1493,0
1494,0
17878,0
17880,0
26070,0
1500,0
26081,0
26083,0
17893,0
26087,0
1513,0
26096,0
9712,0
1522,0
9714,0
17908,0
1525,0
17909,0
26101,0
1528,0
9720,0
17912,0
26105,0
9725,0
1535,0
1536,0
1537,0
1538,0
17919,0
26111,0
26114,0
26118,0
1544,0
26120,0
26122,0
9741,0
17940,0
17941,0
9751,0
1562,0
1564,0
26141,0
26140,0
1566,0
9758,0
9759,0
9761,0
17950,0
26148,0
17955,0
1572,0
9764,0
1574,0
1575,0
9767,0
17959,0
1578,0
17961,0
17962,0
1582,0
17971,0
26164,0
9783,0
9786,0
26172,0
1597,0
9791,0
1600,0
26175,0
17986,0
9801,0
9802,0
26187,0
26189,0
26190,0
17999,0
9808,0
9809,0
1618,0
9811,0
26193,0
1621,0
18005,0
26198,0
1625,0
9822,0
1631,0
9824,0
9826,0
26210,0
18020,0
18021,0
9830,0
26216,0
18027,0
1649,0
1651,0
18037,0
18039,0
18040,0
18043,0
18044,0
26239,0
1664,0
1665,0
1667,0
18057,0
26253,0
18062,0
1679,0
9872,0
26257,0
9878,0
18072,0
1690,0
1692,0
9884,0
26266,0
9887,0
9892,0
18084,0
26276,0
18089,0
1707,0
26289,0
18098,0
26292,0
26293,0
9913,0
1723,0
1725,0
26301,0
9919,0
18111,0
1731,0
1732,0
9927,0
26313,0
1739,0
18124,0
1744,0
1745,0
1748,0
18132,0
18137,0
18139,0
26336,0
26337,0
9954,0
18146,0
26338,0
18149,0
18152,0
18154,0
1771,0
26347,0
26348,0
1774,0
18158,0
1780,0
9972,0
9975,0
1784,0
18167,0
1786,0
1790,0
9982,0
18179,0
18180,0
9989,0
9990,0
18183,0
9994,0
18186,0
10000,0
10001,0
26386,0
18195,0
10005,0
1818,0
10011,0
26395,0
18210,0
26402,0
1829,0
18214,0
1831,0
26405,0
26408,0
26410,0
10029,0
18222,0
1839,0
18223,0
26413,0
1842,0
10035,0
18226,0
26414,0
26418,0
1847,0
1848,0
26427,0
1852,0
18238,0
1858,0
10050,0
26434,0
1864,0
10057,0
18249,0
26442,0
26443,0
10062,0
10067,0
1878,0
10071,0
18262,0
18267,0
1888,0
1890,0
1894,0
18278,0
26470,0
26473,0
18282,0
26477,0
1902,0
10096,0
18288,0
1907,0
1909,0
18293,0
1911,0
18294,0
26495,0
1921,0
26497,0
26498,0
10119,0
10121,0
1930,0
18317,0
10126,0
10129,0
18322,0
26513,0
26517,0
18334,0
26527,0
18337,0
26530,0
26533,0
1960,0
10152,0
26539,0
18348,0
26541,0
1966,0
10159,0
18350,0
26543,0
1972,0
1973,0
1977,0
10169,0
1980,0
26558,0
10175,0
18370,0
1991,0
1993,0
10185,0
18379,0
10189,0
10197,0
2006,0
26581,0
18392,0
2013,0
10207,0
10208,0
18402,0
18410,0
10219,0
10221,0
2030,0
18415,0
26606,0
26609,0
10227,0
2038,0
26615,0
10232,0
18428,0
10237,0
10238,0
26623,0
2047,0
2050,0
10243,0
18435,0
2053,0
18437,0
10247,0
26626,0
26634,0
10251,0
18443,0
26635,0
10254,0
2063,0
2066,0
10258,0
26644,0
18450,0
18454,0
2071,0
10267,0
18459,0
18462,0
26657,0
2084,0
26660,0
10284,0
18476,0
26669,0
2095,0
2097,0
2103,0
26680,0
10299,0
26686,0
26687,0
2112,0
10308,0
18500,0
26692,0
10311,0
10312,0
2121,0
10313,0
26700,0
10318,0
18512,0
26704,0
18515,0
10325,0
10330,0
2143,0
26721,0
18530,0
18532,0
10342,0
18541,0
10350,0
26733,0
26739,0
2164,0
10356,0
2166,0
18552,0
26744,0
10362,0
26746,0
26748,0
2173,0
26750,0
2176,0
18563,0
26758,0
2185,0
26762,0
10379,0
26763,0
10386,0
2195,0
10387,0
26771,0
26774,0
26775,0
26780,0
2205,0
10399,0
2208,0
10400,0
2210,0
18593,0
26784,0
10406,0
2215,0
2216,0
2217,0
18606,0
26800,0
10418,0
10419,0
10423,0
10424,0
10425,0
2234,0
26807,0
26808,0
2241,0
18625,0
18628,0
26823,0
26824,0
2249,0
10441,0
18633,0
18641,0
18642,0
2260,0
2268,0
10463,0
10465,0
10466,0
26850,0
18660,0
26857,0
18666,0
18668,0
2289,0
2291,0
2294,0
18679,0
18680,0
10490,0
18683,0
2300,0
26877,0
18686,0
2306,0
10499,0
2309,0
18699,0
2316,0
10509,0
26897,0
26898,0
26899,0
10517,0
10519,0
2331,0
26907,0
10525,0
26908,0
10535,0
2345,0
26921,0
10541,0
18734,0
2354,0
2355,0
10547,0
10549,0
26932,0
10551,0
10552,0
18743,0
18746,0
2363,0
26934,0
26937,0
18750,0
18752,0
10561,0
18753,0
26941,0
26947,0
2375,0
2376,0
10570,0
10571,0
18762,0
2381,0
18763,0
26959,0
18769,0
26963,0
18773,0
2390,0
10582,0
10583,0
2393,0
18775,0
18776,0
18777,0
26966,0
26974,0
10593,0
2402,0
18786,0
26977,0
10597,0
10598,0
10599,0
18790,0
10602,0
2420,0
10613,0
18807,0
2425,0
2426,0
10622,0
18815,0
10625,0
27013,0
18822,0
10631,0
10633,0
2445,0
10637,0
27022,0
27023,0
2449,0
27026,0
18839,0
2456,0
2457,0
27032,0
2459,0
2460,0
18846,0
2463,0
2465,0
27048,0
27049,0
2475,0
27051,0
27053,0
18864,0
27056,0
27058,0
10676,0
18868,0
18869,0
18872,0
10681,0
2492,0
10684,0
10689,0
27076,0
18887,0
2504,0
18890,0
18891,0
18892,0
18893,0
27082,0
2511,0
18895,0
18896,0
27091,0
18900,0
2517,0
10709,0
18903,0
18907,0
18912,0
18913,0
2530,0
18914,0
27107,0
18917,0
10726,0
18919,0
27111,0
10729,0
10730,0
10731,0
10732,0
27112,0
18926,0
27115,0
10737,0
2546,0
2547,0
27117,0
27119,0
10742,0
2551,0
18935,0
2553,0
27129,0
27132,0
18946,0
10755,0
18948,0
27139,0
27140,0
18952,0
18955,0
2573,0
27150,0
2575,0
18962,0
18965,0
18969,0
10784,0
18978,0
27170,0
18982,0
27174,0
18984,0
27177,0
27182,0
10799,0
10805,0
10806,0
2620,0
10813,0
10814,0
27201,0
2626,0
2627,0
10819,0
27203,0
2631,0
10824,0
19016,0
27207,0
27210,0
2637,0
10831,0
27215,0
2644,0
19029,0
27223,0
10840,0
19032,0
27225,0
27230,0
19039,0
10851,0
2661,0
10853,0
19048,0
27243,0
19052,0
10864,0
19056,0
27255,0
10872,0
19066,0
19067,0
10876,0
10877,0
19068,0
19071,0
10880,0
10882,0
2691,0
19074,0
27266,0
29843,0
10887,0
2696,0
19080,0
27274,0
10891,0
19084,0
10893,0
19085,0
2704,0
10896,0
10898,0
2708,0
19093,0
27290,0
27297,0
2723,0
10915,0
10917,0
19108,0
27300,0
19113,0
19114,0
27305,0
10924,0
27307,0
27311,0
10928,0
2737,0
2738,0
19121,0
19122,0
19124,0
27314,0
10937,0
19135,0
27328,0
10945,0
2754,0
19140,0
19143,0
19144,0
27337,0
27339,0
27340,0
27341,0
2768,0
27347,0
10964,0
2782,0
19166,0
10976,0
19167,0
2786,0
27365,0
19174,0
2792,0
10984,0
2795,0
10987,0
10989,0
19181,0
27384,0
2810,0
27388,0
2813,0
11005,0
2815,0
19200,0
27391,0
2818,0
2823,0
19207,0
19208,0
27399,0
2828,0
11023,0
2835,0
27416,0
19225,0
27420,0
27421,0
19230,0
27423,0
27427,0
19236,0
2853,0
2854,0
19238,0
2857,0
11049,0
19243,0
27435,0
2862,0
11055,0
2864,0
19248,0
27439,0
2867,0
11059,0
2869,0
27449,0
19258,0
19259,0
11069,0
2878,0
27455,0
27456,0
19268,0
19273,0
2891,0
27469,0
2895,0
11089,0
27473,0
27478,0
27482,0
2907,0
2908,0
11100,0
19296,0
2916,0
27492,0
27493,0
27494,0
27495,0
27496,0
27501,0
27502,0
27503,0
27504,0
2930,0
27506,0
11124,0
11126,0
11127,0
11128,0
2937,0
11129,0
27518,0
27521,0
11141,0
2950,0
2953,0
27530,0
2958,0
11154,0
19346,0
19347,0
2970,0
11162,0
11164,0
27547,0
19358,0
19359,0
27549,0
11172,0
11175,0
2985,0
27564,0
19373,0
11183,0
2992,0
11184,0
11187,0
27572,0
27575,0
11198,0
27582,0
11204,0
11206,0
27593,0
19402,0
27595,0
11212,0
3021,0
3022,0
11217,0
19409,0
3027,0
3029,0
19413,0
11223,0
19416,0
27606,0
11226,0
19419,0
27607,0
27608,0
3041,0
19429,0
27626,0
19437,0
27629,0
3055,0
3056,0
3057,0
3058,0
3062,0
11256,0
27640,0
19450,0
19451,0
27642,0
11261,0
19458,0
3075,0
27651,0
11269,0
11271,0
11280,0
27664,0
19474,0
11284,0
11287,0
3097,0
19481,0
3099,0
11292,0
19485,0
19486,0
27679,0
3106,0
11299,0
3108,0
27683,0
3110,0
19494,0
19498,0
3115,0
3118,0
11310,0
27694,0
3123,0
27701,0
11327,0
11328,0
19520,0
11334,0
19527,0
27719,0
11337,0
27720,0
19531,0
27721,0
27724,0
11343,0
19535,0
19537,0
27729,0
3157,0
3159,0
27737,0
3165,0
11357,0
19549,0
3168,0
19553,0
27742,0
19555,0
27747,0
3173,0
27750,0
19557,0
3175,0
3176,0
19558,0
3179,0
3180,0
19565,0
19566,0
3183,0
27753,0
19571,0
3189,0
19576,0
27769,0
19578,0
3197,0
3198,0
19584,0
19586,0
19587,0
27780,0
3207,0
11402,0
11404,0
27788,0
19598,0
3215,0
19600,0
3217,0
19602,0
27792,0
11412,0
11413,0
27799,0
3228,0
11421,0
19616,0
27810,0
19619,0
3237,0
11431,0
19624,0
11435,0
3244,0
3245,0
3246,0
11439,0
19629,0
19632,0
11442,0
27823,0
19636,0
11445,0
11446,0
19639,0
19640,0
3258,0
11452,0
3261,0
11454,0
27844,0
3269,0
3270,0
11466,0
19663,0
3280,0
11475,0
19667,0
3285,0
3286,0
3287,0
11479,0
11481,0
19670,0
3293,0
19681,0
19684,0
27876,0
19687,0
27880,0
11505,0
27889,0
27894,0
19703,0
11512,0
3323,0
11521,0
27906,0
27907,0
11527,0
19719,0
19722,0
3339,0
3340,0
27917,0
11535,0
3344,0
19731,0
19732,0
27924,0
3350,0
19735,0
27926,0
11546,0
3355,0
19740,0
27931,0
11550,0
3359,0
19742,0
19743,0
11559,0
27944,0
19753,0
27947,0
11567,0
27953,0
11570,0
3379,0
3386,0
3390,0
27966,0
3395,0
3396,0
27971,0
11594,0
3404,0
3405,0
11601,0
27986,0
11603,0
11606,0
3415,0
19798,0
19799,0
11611,0
27998,0
19807,0
3426,0
19810,0
28003,0
3430,0
11622,0
3432,0
11624,0
11627,0
3436,0
28013,0
3443,0
3450,0
3451,0
3452,0
19835,0
19836,0
28032,0
3459,0
11651,0
11653,0
28036,0
19850,0
28043,0
11660,0
28045,0
11662,0
19857,0
19859,0
11669,0
28054,0
11671,0
19864,0
11673,0
19868,0
11681,0
19878,0
19880,0
11690,0
28075,0
19884,0
28077,0
28078,0
19887,0
19888,0
19891,0
3508,0
19892,0
19895,0
28088,0
3514,0
19899,0
3520,0
19905,0
11714,0
28096,0
28098,0
28099,0
11719,0
3528,0
28103,0
3530,0
19915,0
19917,0
28110,0
3535,0
19920,0
19922,0
28116,0
11733,0
11734,0
3543,0
3544,0
3545,0
19935,0
28128,0
3553,0
19938,0
19944,0
3562,0
3564,0
11756,0
28143,0
28147,0
19956,0
19957,0
11766,0
11767,0
19959,0
3580,0
28157,0
19968,0
19969,0
28164,0
19974,0
3591,0
11784,0
19977,0
3595,0
3596,0
3597,0
19980,0
19982,0
28174,0
3604,0
19988,0
28182,0
11799,0
19991,0
28188,0
28190,0
11810,0
11813,0
20005,0
20009,0
11820,0
11821,0
11822,0
28207,0
3632,0
20017,0
20019,0
3638,0
28218,0
3643,0
28220,0
11842,0
3651,0
11843,0
20035,0
28227,0
28230,0
28235,0
20045,0
3662,0
20047,0
3664,0
11858,0
3667,0
11861,0
28247,0
20059,0
20062,0
11871,0
28258,0
11877,0
28261,0
20074,0
28269,0
11886,0
20080,0
28276,0
3701,0
3703,0
3705,0
3706,0
28282,0
20092,0
20093,0
28285,0
3711,0
11903,0
11907,0
11909,0
20102,0
28293,0
28296,0
11914,0
11915,0
3724,0
20110,0
20111,0
28304,0
28305,0
20118,0
20121,0
28313,0
3741,0
20127,0
3746,0
3747,0
28324,0
28327,0
3754,0
20138,0
20140,0
3761,0
3762,0
3763,0
11953,0
20148,0
28339,0
11959,0
11960,0
28340,0
3770,0
28341,0
28344,0
28349,0
3774,0
11972,0
28359,0
3785,0
3786,0
20170,0
3790,0
28366,0
3794,0
28371,0
11989,0
11990,0
11993,0
20188,0
3806,0
20190,0
28384,0
3812,0
3813,0
28389,0
28390,0
12008,0
28392,0
28394,0
28396,0
12013,0
3824,0
12017,0
20209,0
20213,0
20215,0
12026,0
3838,0
20224,0
20225,0
28417,0
28426,0
12049,0
12050,0
28439,0
12056,0
20257,0
20258,0
28453,0
3879,0
28455,0
3881,0
20265,0
28457,0
20268,0
3885,0
20275,0
20276,0
3893,0
20278,0
28467,0
28468,0
20283,0
28477,0
3903,0
20295,0
12105,0
20297,0
20299,0
28492,0
20305,0
20306,0
12115,0
3925,0
28501,0
12120,0
12123,0
20321,0
28513,0
28514,0
28518,0
3943,0
12135,0
28523,0
20332,0
3949,0
12141,0
12143,0
3952,0
12146,0
28534,0
20344,0
12153,0
28536,0
28537,0
28538,0
28540,0
28546,0
12163,0
20355,0
12165,0
12167,0
20359,0
28553,0
12170,0
20363,0
3980,0
20366,0
3984,0
28564,0
28566,0
28571,0
20381,0
3999,0
12192,0
12193,0
28578,0
20387,0
12196,0
28580,0
4009,0
12204,0
28590,0
20400,0
12209,0
28593,0
28595,0
20405,0
28597,0
12215,0
20409,0
28602,0
12219,0
20412,0
28603,0
28611,0
12228,0
28612,0
12230,0
28615,0
28616,0
12233,0
20427,0
20428,0
28623,0
4049,0
4052,0
20439,0
4057,0
4058,0
20445,0
12258,0
20451,0
4068,0
28647,0
28649,0
4074,0
12269,0
28654,0
28656,0
20467,0
12276,0
4085,0
20468,0
20474,0
12283,0
12290,0
12291,0
20485,0
20486,0
12296,0
12299,0
12301,0
4110,0
4113,0
28689,0
20499,0
28694,0
20503,0
20504,0
12313,0
28698,0
4127,0
4128,0
20512,0
20515,0
4134,0
4135,0
12326,0
20519,0
20522,0
28713,0
28714,0
20525,0
4144,0
28724,0
20534,0
12344,0
4153,0
28733,0
12350,0
28735,0
12356,0
20548,0
4166,0
4167,0
28741,0
20553,0
20554,0
4172,0
28750,0
28757,0
28758,0
12375,0
4186,0
12378,0
12380,0
4189,0
28765,0
12383,0
4193,0
12387,0
4196,0
28772,0
28774,0
12392,0
28778,0
4204,0
4206,0
12399,0
4208,0
28784,0
12402,0
12403,0
4214,0
4216,0
20606,0
12415,0
28798,0
28800,0
4226,0
4228,0
28809,0
4235,0
12427,0
20621,0
12430,0
28818,0
20627,0
28820,0
28821,0
4247,0
20631,0
20636,0
4254,0
28830,0
4256,0
28831,0
20642,0
28833,0
4264,0
28841,0
12461,0
28846,0
20657,0
28859,0
20672,0
12481,0
20674,0
12483,0
4292,0
20677,0
28870,0
20681,0
28873,0
12492,0
28877,0
4304,0
4306,0
12498,0
20691,0
12501,0
20693,0
28882,0
28884,0
28889,0
28895,0
4325,0
28901,0
4328,0
20712,0
20713,0
4331,0
28907,0
12525,0
28911,0
4336,0
4338,0
4339,0
12531,0
4343,0
12536,0
28919,0
12538,0
12542,0
4351,0
20736,0
12545,0
4354,0
12551,0
20746,0
20749,0
12560,0
12561,0
28945,0
20755,0
4373,0
20757,0
12567,0
20758,0
28951,0
12571,0
12574,0
12576,0
20768,0
12578,0
4388,0
20773,0
12582,0
12583,0
12584,0
28966,0
4401,0
20785,0
12595,0
20787,0
28977,0
20791,0
12600,0
28984,0
28987,0
4413,0
12605,0
28989,0
4417,0
20801,0
4419,0
20802,0
20803,0
28998,0
20807,0
4424,0
12618,0
29003,0
4429,0
12622,0
12623,0
20813,0
20816,0
29010,0
4436,0
12628,0
29013,0
20823,0
12632,0
4443,0
12635,0
12642,0
20834,0
29030,0
29036,0
29039,0
4464,0
4465,0
12657,0
12658,0
12661,0
20858,0
4475,0
12668,0
29051,0
29063,0
20873,0
12685,0
4494,0
20877,0
4496,0
12688,0
4498,0
12692,0
20886,0
4504,0
12696,0
4510,0
20898,0
20900,0
29094,0
20903,0
4520,0
12716,0
20908,0
20909,0
20911,0
29104,0
12723,0
12726,0
12727,0
20918,0
29115,0
20925,0
12734,0
4543,0
12735,0
4545,0
4546,0
12742,0
4551,0
29128,0
29133,0
29134,0
4559,0
12752,0
29136,0
29137,0
12755,0
29139,0
4566,0
4568,0
20952,0
20955,0
12764,0
20959,0
12769,0
12773,0
12774,0
12780,0
4589,0
12784,0
12787,0
20979,0
20981,0
12794,0
4604,0
29180,0
20993,0
12802,0
4611,0
4612,0
4615,0
21003,0
21004,0
12813,0
29196,0
4629,0
12821,0
4632,0
4633,0
12824,0
12827,0
21020,0
29208,0
21023,0
21024,0
29216,0
29219,0
29222,0
12840,0
21033,0
12845,0
21038,0
4655,0
29230,0
29233,0
21043,0
29235,0
4661,0
4662,0
4666,0
4671,0
4673,0
12866,0
21059,0
21064,0
29256,0
4686,0
12880,0
12882,0
12883,0
12884,0
12885,0
12888,0
12890,0
21083,0
29277,0
4702,0
12896,0
29280,0
21091,0
29285,0
21094,0
12908,0
4717,0
21101,0
29292,0
29293,0
29296,0
21108,0
4731,0
21115,0
21116,0
21118,0
21119,0
29307,0
29308,0
29313,0
12932,0
12934,0
12935,0
4744,0
4745,0
12938,0
4747,0
21127,0
29323,0
29326,0
21135,0
29330,0
21139,0
21141,0
12951,0
4760,0
29336,0
4762,0
4763,0
12956,0
4767,0
12960,0
21153,0
29346,0
4771,0
12963,0
21159,0
4777,0
4778,0
21164,0
4783,0
12975,0
21167,0
4788,0
29365,0
4792,0
21176,0
12986,0
4796,0
12988,0
21180,0
29373,0
21184,0
4801,0
29379,0
21188,0
29382,0
4807,0
29384,0
21193,0
21195,0
21200,0
4817,0
29393,0
4819,0
13011,0
13015,0
21207,0
13017,0
13018,0
29400,0
29402,0
13022,0
13025,0
29410,0
21220,0
13031,0
4842,0
4843,0
21228,0
29420,0
13044,0
13051,0
29435,0
29440,0
29443,0
29445,0
13062,0
4873,0
29451,0
21264,0
13074,0
21267,0
29459,0
13077,0
29460,0
13081,0
13082,0
29469,0
21285,0
13094,0
29477,0
4905,0
13097,0
21293,0
21296,0
21297,0
29488,0
21299,0
29492,0
21302,0
29498,0
4923,0
13116,0
4925,0
21310,0
29504,0
21314,0
29506,0
4932,0
21319,0
29511,0
21324,0
29524,0
21344,0
4964,0
13156,0
21351,0
13162,0
21355,0
29548,0
4976,0
21361,0
21364,0
4981,0
4982,0
4983,0
4984,0
13173,0
13178,0
13179,0
13180,0
21365,0
13182,0
21370,0
21372,0
29560,0
29562,0
29571,0
21381,0
4999,0
5000,0
13192,0
21384,0
21390,0
21392,0
5009,0
29589,0
5015,0
13209,0
5018,0
29593,0
29598,0
29600,0
5026,0
21410,0
29602,0
29603,0
29607,0
13224,0
5039,0
21423,0
5042,0
5043,0
5044,0
21429,0
5047,0
29623,0
5050,0
21440,0
13249,0
29634,0
5059,0
21443,0
13253,0
29638,0
21448,0
5065,0
13257,0
5067,0
21452,0
5070,0
21455,0
13264,0
13265,0
21456,0
5075,0
13267,0
5077,0
5079,0
21465,0
21468,0
29661,0
5087,0
13281,0
5090,0
5091,0
21473,0
13285,0
13286,0
5095,0
5096,0
29665,0
29669,0
5099,0
29676,0
21485,0
5103,0
21488,0
13298,0
13309,0
5119,0
21505,0
13314,0
29698,0
29699,0
21509,0
13318,0
29704,0
5129,0
5130,0
5131,0
21515,0
29711,0
5136,0
21525,0
29717,0
13335,0
21528,0
13337,0
5147,0
13340,0
5149,0
13342,0
5151,0
21533,0
21537,0
29730,0
29731,0
13353,0
21547,0
29743,0
5168,0
29745,0
29753,0
21563,0
29756,0
29757,0
29759,0
5184,0
5186,0
21575,0
5193,0
21577,0
13387,0
29769,0
21582,0
29776,0
21587,0
13396,0
5205,0
5206,0
29780,0
13401,0
21593,0
29787,0
21597,0
5219,0
29796,0
21605,0
21606,0
5224,0
29808,0
13426,0
21619,0
13432,0
21626,0
29823,0
21634,0
29828,0
21637,0
29830,0
5255,0
13448,0
21641,0
13450,0
5259,0
29833,0
29838,0
5266,0
21651,0
29844,0
13460,0
21653,0
13462,0
21655,0
13464,0
21656,0
5274,0
13467,0
5277,0
21661,0
29848,0
21665,0
21673,0
5290,0
5292,0
5293,0
13487,0
5297,0
21681,0
13491,0
13493,0
13495,0
29884,0
5310,0
29886,0
13504,0
29888,0
29890,0
5315,0
21705,0
13515,0
5327,0
5331,0
29907,0
21718,0
29910,0
29912,0
29913,0
29915,0
13534,0
13535,0
21728,0
27114,0
13540,0
29926,0
13544,0
5357,0
5358,0
13550,0
21742,0
13553,0
29938,0
21748,0
5365,0
29942,0
5372,0
21756,0
29948,0
29950,0
21761,0
5378,0
5379,0
5381,0
29958,0
13575,0
5386,0
29963,0
5388,0
29970,0
5395,0
21782,0
5399,0
29976,0
13593,0
21786,0
5405,0
13600,0
29985,0
21795,0
29987,0
5413,0
13606,0
29991,0
5416,0
13609,0
5418,0
5419,0
13611,0
21801,0
21802,0
5423,0
21804,0
29993,0
5426,0
29997,0
13620,0
5429,0
13621,0
21812,0
13625,0
5436,0
5442,0
13634,0
21826,0
21828,0
21829,0
21831,0
30020,0
13641,0
21834,0
30023,0
30024,0
13645,0
13647,0
5461,0
30038,0
13657,0
30042,0
21852,0
5469,0
13662,0
5471,0
5472,0
13665,0
21855,0
5475,0
21857,0
5477,0
21859,0
21860,0
30053,0
13673,0
5482,0
5483,0
13674,0
30059,0
30063,0
5489,0
21873,0
5494,0
30072,0
30073,0
5503,0
5504,0
13696,0
13697,0
13698,0
30079,0
13707,0
21900,0
30094,0
13712,0
5522,0
30098,0
5525,0
21913,0
21914,0
30107,0
21916,0
30113,0
21925,0
30120,0
21929,0
21932,0
13742,0
5557,0
13751,0
30135,0
30137,0
13754,0
21946,0
13757,0
13758,0
21951,0
5569,0
21953,0
21954,0
5572,0
30148,0
30154,0
21965,0
21968,0
21970,0
5587,0
21971,0
30165,0
21974,0
30166,0
5593,0
13785,0
13786,0
21977,0
5604,0
21988,0
5607,0
5608,0
13800,0
21993,0
30183,0
5613,0
13807,0
30192,0
30193,0
13811,0
5620,0
13813,0
22003,0
5623,0
30199,0
30203,0
5628,0
13821,0
22013,0
13823,0
22021,0
30214,0
13832,0
22025,0
5644,0
5646,0
13838,0
5648,0
30225,0
13849,0
30233,0
13851,0
30235,0
22045,0
30241,0
5666,0
13858,0
22050,0
22053,0
30244,0
13866,0
30250,0
30253,0
13871,0
5680,0
22070,0
5688,0
5689,0
13882,0
22073,0
22076,0
22077,0
13887,0
30271,0
5698,0
30274,0
13892,0
13899,0
22092,0
30286,0
13903,0
22102,0
13912,0
30296,0
5722,0
30297,0
13920,0
5730,0
5731,0
22115,0
30309,0
30310,0
5735,0
30315,0
13934,0
5745,0
30327,0
5752,0
13944,0
30328,0
5757,0
22141,0
30335,0
5761,0
13953,0
13954,0
30337,0
5765,0
13957,0
30343,0
30341,0
5769,0
13961,0
22154,0
5772,0
13964,0
13965,0
22155,0
22161,0
5779,0
5781,0
30358,0
5784,0
22170,0
13979,0
22172,0
5791,0
13985,0
22178,0
13987,0
13990,0
5799,0
13992,0
30375,0
30378,0
5803,0
30383,0
30388,0
14005,0
5814,0
14006,0
14007,0
14008,0
5818,0
14011,0
30395,0
22205,0
22206,0
22207,0
30399,0
30400,0
30403,0
22217,0
30417,0
5845,0
5847,0
30427,0
22236,0
22238,0
5857,0
22242,0
22243,0
30435,0
30439,0
14056,0
22250,0
30443,0
14060,0
30445,0
22254,0
30448,0
30450,0
22259,0
14071,0
30457,0
14074,0
30460,0
30461,0
14078,0
22270,0
14080,0
30465,0
14082,0
14086,0
14089,0
5898,0
22281,0
22282,0
30476,0
14096,0
14097,0
22288,0
5907,0
30481,0
22293,0
5910,0
30484,0
5915,0
5916,0
5919,0
14114,0
14118,0
22311,0
14120,0
5929,0
14122,0
5931,0
5932,0
22312,0
5934,0
22319,0
14128,0
30513,0
5938,0
30515,0
22324,0
22326,0
22328,0
5945,0
5946,0
22329,0
14147,0
5958,0
30534,0
5960,0
22345,0
5962,0
5963,0
30540,0
30541,0
30545,0
14162,0
30546,0
5973,0
14165,0
30549,0
14170,0
22363,0
14172,0
5981,0
14174,0
14178,0
22374,0
30567,0
5993,0
14190,0
22385,0
6002,0
30578,0
30580,0
22392,0
14201,0
30502,0
30584,0
6012,0
30503,0
30591,0
14209,0
6028,0
14220,0
14221,0
30604,0
14226,0
30610,0
14228,0
22427,0
22430,0
14239,0
22431,0
30622,0
30623,0
22435,0
22436,0
30626,0
6054,0
6055,0
14246,0
6057,0
30629,0
30631,0
30632,0
6061,0
22448,0
14257,0
14258,0
14259,0
22449,0
22453,0
30643,0
22455,0
30649,0
6077,0
14269,0
6081,0
6091,0
14283,0
22476,0
30670,0
30675,0
6101,0
30679,0
30681,0
22495,0
22496,0
30688,0
30691,0
22505,0
6122,0
30705,0
6130,0
22516,0
6133,0
14326,0
22517,0
22519,0
30711,0
6139,0
22524,0
30715,0
22530,0
30722,0
14341,0
6150,0
6151,0
22538,0
6155,0
14347,0
22540,0
6160,0
30739,0
22548,0
22549,0
22552,0
6174,0
6176,0
6181,0
22565,0
14380,0
14381,0
22572,0
30767,0
22576,0
22578,0
6196,0
22580,0
22581,0
14391,0
6200,0
14393,0
6202,0
30775,0
14398,0
6207,0
30783,0
6212,0
14404,0
22599,0
30791,0
6218,0
6222,0
6230,0
6238,0
22622,0
6240,0
6241,0
14433,0
22627,0
30817,0
6245,0
22630,0
22633,0
14442,0
22639,0
30833,0
6259,0
14453,0
6264,0
14458,0
6267,0
22651,0
30843,0
22654,0
6271,0
30847,0
14468,0
6278,0
14470,0
30854,0
6283,0
14476,0
22667,0
22668,0
22669,0
22671,0
30862,0
30863,0
6291,0
22675,0
30867,0
14487,0
30875,0
22687,0
22688,0
22690,0
6313,0
14506,0
22698,0
22700,0
6317,0
6318,0
14509,0
6320,0
6321,0
30893,0
22710,0
14521,0
6330,0
6331,0
22715,0
30908,0
14526,0
22720,0
30912,0
22723,0
6340,0
22728,0
14537,0
14538,0
22729,0
6348,0
6350,0
22733,0
30922,0
30929,0
14547,0
14549,0
6362,0
30938,0
14558,0
30944,0
30947,0
14565,0
22757,0
22761,0
14570,0
22763,0
30954,0
22765,0
14575,0
30961,0
14581,0
30971,0
6396,0
22783,0
22785,0
22788,0
30980,0
14600,0
30986,0
6412,0
6414,0
6415,0
14606,0
22802,0
14611,0
6420,0
14613,0
22805,0
31000,0
6425,0
14621,0
22814,0
31010,0
14627,0
6437,0
6438,0
22821,0
6440,0
31013,0
31020,0
14638,0
6448,0
6449,0
14640,0
22840,0
22841,0
6463,0
14655,0
6467,0
14659,0
6469,0
14662,0
31043,0
22856,0
6474,0
22858,0
14668,0
31050,0
22862,0
6479,0
31056,0
22865,0
6483,0
22868,0
6486,0
22872,0
6489,0
6493,0
14687,0
6499,0
6501,0
22885,0
22890,0
14699,0
14700,0
6510,0
22895,0
6514,0
6517,0
14711,0
22906,0
31099,0
31100,0
14719,0
6528,0
31103,0
6531,0
6533,0
14725,0
6535,0
6536,0
22920,0
31110,0
14732,0
22926,0
14735,0
22930,0
6549,0
6550,0
6551,0
14743,0
31128,0
22940,0
31133,0
6562,0
14754,0
22947,0
22948,0
31141,0
6572,0
14764,0
31151,0
14769,0
22962,0
22965,0
14775,0
6584,0
6589,0
14782,0
22978,0
31171,0
14790,0
14793,0
22986,0
22989,0
6606,0
14799,0
6610,0
14805,0
22999,0
31193,0
14812,0
23004,0
6623,0
23007,0
6625,0
31201,0
14819,0
31203,0
6629,0
23015,0
31210,0
23019,0
6641,0
23026,0
23027,0
23028,0
31220,0
23030,0
14842,0
31227,0
23036,0
31232,0
14851,0
6660,0
23043,0
23044,0
23046,0
31238,0
14858,0
6667,0
6672,0
6674,0
23058,0
14869,0
14871,0
23065,0
14875,0
23067,0
31260,0
31262,0
14882,0
23080,0
6697,0
14892,0
14895,0
31280,0
6704,0
6705,0
6706,0
14897,0
6708,0
14899,0
14901,0
23091,0
31282,0
23101,0
23105,0
14914,0
6723,0
6725,0
23110,0
6727,0
23112,0
31302,0
6730,0
31308,0
23118,0
14928,0
6740,0
14932,0
31316,0
6744,0
14936,0
31322,0
6747,0
14942,0
6751,0
23135,0
23136,0
6756,0
23140,0
23141,0
31335,0
6761,0
31340,0
14958,0
6767,0
31342,0
31345,0
23155,0
14964,0
14968,0
6778,0
6782,0
6783,0
23169,0
31363,0
14986,0
23179,0
23180,0
31370,0
14990,0
31376,0
14993,0
31379,0
31383,0
23192,0
23197,0
23199,0
31393,0
15011,0
15015,0
15019,0
31405,0
31409,0
6834,0
6836,0
15031,0
15033,0
23227,0
31419,0
6849,0
15047,0
15048,0
23241,0
6859,0
6860,0
15052,0
15054,0
6863,0
31439,0
15063,0
23255,0
31447,0
23258,0
31451,0
6881,0
31458,0
15078,0
15081,0
15082,0
23274,0
15084,0
31467,0
6894,0
31471,0
23285,0
6902,0
6903,0
31481,0
6909,0
6912,0
15104,0
15109,0
23301,0
31498,0
6925,0
23313,0
6932,0
6935,0
23322,0
31515,0
6941,0
15134,0
31520,0
31521,0
15140,0
23334,0
6952,0
6957,0
15149,0
15151,0
31534,0
31540,0
23350,0
15160,0
15161,0
6970,0
31545,0
23356,0
23357,0
6974,0
15166,0
31548,0
31552,0
15171,0
31555,0
6981,0
15174,0
6987,0
23372,0
15182,0
6991,0
23378,0
6995,0
6996,0
23380,0
6998,0
7000,0
15193,0
15196,0
7005,0
15197,0
31580,0
31584,0
7009,0
31585,0
15203,0
15204,0
7018,0
7022,0
23408,0
31609,0
7034,0
31610,0
31612,0
7040,0
15232,0
23424,0
31619,0
7052,0
23441,0
15253,0
23445,0
23447,0
15261,0
23453,0
7073,0
7075,0
15267,0
15269,0
7079,0
7081,0
15274,0
15275,0
7084,0
15278,0
15279,0
23470,0
23473,0
7092,0
15284,0
23477,0
23482,0
31675,0
15292,0
7104,0
7107,0
31685,0
15306,0
15309,0
15311,0
31698,0
23507,0
23509,0
31705,0
31707,0
7132,0
7133,0
15325,0
23517,0
15328,0
23518,0
15330,0
31711,0
31713,0
31719,0
7145,0
31721,0
31722,0
23533,0
31725,0
23540,0
23541,0
15350,0
31735,0
31737,0
15354,0
23546,0
15356,0
31742,0
23552,0
23553,0
25849,0
31749,0
31750,0
7177,0
15370,0
31754,0
7181,0
15374,0
23565,0
15379,0
23572,0
23576,0
31770,0
7195,0
15388,0
23581,0
31774,0
15394,0
15395,0
23587,0
23588,0
7207,0
15399,0
7209,0
15404,0
31788,0
15410,0
23606,0
31798,0
31801,0
31802,0
7227,0
31807,0
23616,0
23618,0
7235,0
15427,0
7237,0
31813,0
15431,0
23625,0
7242,0
7246,0
7250,0
15444,0
31829,0
7254,0
7256,0
23640,0
31832,0
15454,0
7265,0
15458,0
31843,0
7270,0
7271,0
23654,0
15466,0
23659,0
23660,0
15469,0
7278,0
23662,0
23667,0
23674,0
7291,0
15483,0
31868,0
23684,0
31876,0
31877,0
31880,0
7309,0
23696,0
31888,0
31889,0
23699,0
7316,0
15509,0
23701,0
23703,0
7324,0
31900,0
7326,0
15519,0
31910,0
7335,0
15527,0
31914,0
23723,0
31917,0
7346,0
15539,0
31924,0
31928,0
7357,0
23742,0
15551,0
23744,0
31934,0
15554,0
23747,0
7367,0
23753,0
31946,0
15564,0
31949,0
31952,0
31953,0
7380,0
7391,0
23777,0
7394,0
7397,0
15589,0
23784,0
23785,0
15595,0
31980,0
15597,0
7406,0
31981,0
15602,0
7411,0
31988,0
7413,0
7420,0
7421,0
7423,0
7424,0
7425,0
23810,0
23811,0
23812,0
31999,0
32003,0
32005,0
15624,0
32010,0
15627,0
32012,0
15633,0
15636,0
23828,0
7448,0
23834,0
32026,0
7453,0
7455,0
32033,0
7458,0
23844,0
15654,0
15655,0
23846,0
7465,0
7466,0
32040,0
7469,0
32047,0
15665,0
7475,0
15670,0
7483,0
7484,0
32062,0
15680,0
7489,0
32065,0
15685,0
32071,0
23880,0
32072,0
7498,0
32082,0
15700,0
15703,0
23898,0
7517,0
23901,0
32096,0
7522,0
23907,0
15719,0
7528,0
23915,0
15726,0
15730,0
7542,0
15735,0
7544,0
15736,0
15738,0
23930,0
23935,0
23937,0
15748,0
32133,0
15751,0
7561,0
32137,0
15756,0
32142,0
23954,0
15763,0
23956,0
7573,0
15766,0
7575,0
23961,0
7580,0
23966,0
32158,0
15779,0
15782,0
23976,0
7593,0
32169,0
15787,0
32172,0
23983,0
15794,0
32179,0
23988,0
23989,0
32183,0
32185,0
7610,0
23994,0
23995,0
32188,0
15807,0
7619,0
15813,0
24006,0
15815,0
15816,0
32199,0
32204,0
15821,0
24014,0
7633,0
15825,0
32213,0
15831,0
7640,0
32216,0
7643,0
32222,0
24033,0
15842,0
32225,0
7655,0
24039,0
24043,0
7662,0
15854,0
7665,0
32241,0
24052,0
15863,0
7673,0
32249,0
24059,0
7676,0
24061,0
32250,0
24064,0
15876,0
24071,0
15880,0
32263,0
24074,0
32266,0
24076,0
32267,0
32269,0
7696,0
7700,0
15892,0
15893,0
7703,0
7704,0
15898,0
15899,0
32282,0
15902,0
32290,0
24100,0
32294,0
7722,0
15914,0
24107,0
24108,0
32306,0
7731,0
24117,0
15927,0
7737,0
24122,0
24123,0
32314,0
32315,0
24126,0
15935,0
24127,0
15938,0
15939,0
15940,0
7754,0
15946,0
15948,0
24138,0
24140,0
24141,0
15952,0
24144,0
32337,0
15958,0
24152,0
24155,0
7773,0
32350,0
32351,0
24161,0
32353,0
24163,0
24165,0
7786,0
7787,0
15979,0
32366,0
32368,0
7796,0
7797,0
7798,0
32386,0
32388,0
32390,0
32392,0
32393,0
24207,0
24209,0
7828,0
7830,0
24215,0
32406,0
16025,0
32408,0
32409,0
32410,0
24221,0
16031,0
24227,0
32421,0
24232,0
24238,0
16048,0
16055,0
7864,0
7865,0
16057,0
7867,0
16059,0
16066,0
7881,0
16077,0
16078,0
16081,0
24276,0
16085,0
24278,0
24279,0
7899,0
16092,0
24286,0
32479,0
32480,0
24290,0
24293,0
16104,0
24297,0
16106,0
32488,0
7916,0
16110,0
32494,0
32495,0
7921,0
16115,0
24308,0
7925,0
24309,0
7927,0
16119,0
16120,0
24312,0
7931,0
7932,0
7933,0
24315,0
24319,0
32503,0
32513,0
16132,0
7941,0
16133,0
32517,0
7945,0
24329,0
24331,0
24332,0
16143,0
16144,0
24337,0
24338,0
32527,0
16149,0
16150,0
16151,0
7960,0
32537,0
7965,0
16158,0
24350,0
7969,0
7970,0
16163,0
7973,0
32552,0
32553,0
16171,0
32557,0
24368,0
16178,0
16179,0
7988,0
24377,0
32570,0
7995,0
16195,0
24390,0
8007,0
16199,0
24391,0
32587,0
8013,0
32590,0
16207,0
32591,0
8020,0
16212,0
16214,0
8023,0
8024,0
24408,0
16218,0
8027,0
32596,0
32598,0
16226,0
24418,0
16230,0
8041,0
24426,0
16235,0
8044,0
32620,0
16238,0
16239,0
32624,0
16242,0
24435,0
32626,0
8053,0
32630,0
32634,0
16251,0
32635,0
16253,0
32638,0
24449,0
16258,0
32645,0
32648,0
24457,0
8074,0
32649,0
8079,0
8080,0
16271,0
32655,0
8084,0
24472,0
32665,0
8090,0
24474,0
8092,0
24476,0
24477,0
8097,0
16291,0
24484,0
32675,0
8102,0
8109,0
32686,0
32694,0
16311,0
24503,0
24504,0
32696,0
8123,0
24508,0
32701,0
8127,0
24513,0
8134,0
8135,0
32710,0
32712,0
32713,0
16331,0
32717,0
16337,0
24532,0
8149,0
16341,0
24534,0
24537,0
24538,0
8155,0
8156,0
32732,0
8161,0
16354,0
32737,0
8164,0
24548,0
32739,0
8172,0
24556,0
16368,0
8177,0
24561,0
16371,0
24566,0
24567,0
32762,0
