gene,protein_change,codon_base_changed,clinvar_classification,evo2_delta_score,WT_f11735_base1,WT_f9170_base2,WT_f5026_base1,GRCh38_chr,GRCh38_pos,ref,alt,coding_c_pos,context,matched_pair
COL4A3,p.Gly366Glu,2,Pathogenic,-0.002751946449279785,2.266,1.906,1.312,2,227259860,G,A,1097,GPPGPRGARGPQG,
COL4A3,p.Gly1089Asp,2,Pathogenic,-0.002434849739074707,2.062,1.203,1.094,2,227293246,G,A,3266,GEMGQPGPPGHLG,
COL4A3,p.Gly1155Ser,1,Likely pathogenic,-0.0010668039321899414,2.516,1.281,1.781,2,227295008,G,A,3463,GPMGIRGDQGRDG,PAIR
COL4A3,p.Gly1155Asp,2,Pathogenic,-0.0025391578674316406,2.516,1.281,1.781,2,227295009,G,A,3464,GPMGIRGDQGRDG,PAIR
COL4A3,p.Gly1207Trp,1,Likely pathogenic,-0.003921627998352051,2.578,0.953,1.469,2,227297727,G,T,3619,GLPGRKGAMGDAG,PAIR
COL4A3,p.Gly1207Glu,2,Pathogenic,-0.00259244441986084,2.578,0.953,1.469,2,227297728,G,A,3620,GLPGRKGAMGDAG,PAIR
COL4A4,p.Gly285Arg,1,Pathogenic,-0.0014497041702270508,2.859,2.234,1.438,2,227103161,C,T,853,GMVGLPGPPGRKG,
COL4A4,p.Gly619Cys,1,Pathogenic,-0.002849102020263672,3.391,1.953,1.656,2,227078026,C,A,1855,GFPGPLGPPGKAG,PAIR
COL4A4,p.Gly619Asp,2,Pathogenic/Likely pathogenic,-0.0018124580383300781,3.391,1.953,1.656,2,227078025,C,T,1856,GFPGPLGPPGKAG,PAIR
COL4A4,p.Gly1069Arg,1,Pathogenic,-0.0026695728302001953,1.078,1.375,1.125,2,227050077,C,G,3205,GIDGARGPKGNKG,
COL4A4,p.Gly1088Arg,1,Likely pathogenic,-0.0059136152267456055,2.016,1.344,2.125,2,227047502,C,G,3262,GPPGPKGEPGSPG,PAIR
COL4A4,p.Gly1088Val,2,Likely pathogenic,-0.003555893898010254,2.016,1.344,2.125,2,227047501,C,A,3263,GPPGPKGEPGSPG,PAIR
COL4A5,p.Gly494Cys,1,Pathogenic,-0.00446474552154541,1.969,1.688,1.688,X,108595565,G,T,1480,GISGPPGQPGLPG,
COL4A5,p.Gly914Asp,2,Pathogenic,-0.0039670467376708984,1.938,1.234,1.016,X,108621866,G,A,2741,GPLGIPGRSGVPG,
COL4A5,p.Gly1229Cys,1,Likely pathogenic,-0.006010532379150391,1.812,1.453,1.812,X,108668399,G,T,3685,GEPGFHGFPGVQG,PAIR
COL4A5,p.Gly1229Asp,2,Pathogenic/Likely pathogenic,-0.004073977470397949,1.812,1.453,1.812,X,108668400,G,A,3686,GEPGFHGFPGVQG,PAIR
COL4A5,p.Gly1235Cys,1,Likely pathogenic,-0.0052683353424072266,2.406,1.25,1.328,X,108668417,G,T,3703,GFPGVQGPPGPPG,PAIR
COL4A5,p.Gly1235Val,2,Pathogenic,-0.0034018754959106445,2.406,1.25,1.328,X,108668418,G,T,3704,GFPGVQGPPGPPG,PAIR
