gene,protein_change,aa_tag,npz,skipped
COL4A3,p.Cys1616Tyr,C1616Y,COL4A3_C1616Y_mutant_sae_features.npz,True
COL4A3,p.Ser1492Cys,S1492C,COL4A3_S1492C_mutant_sae_features.npz,True
COL4A3,p.Leu1598Arg,L1598R,COL4A3_L1598R_mutant_sae_features.npz,True
COL4A3,p.Arg1661His,R1661H,COL4A3_R1661H_mutant_sae_features.npz,True
COL4A3,p.Gln1495Arg,Q1495R,COL4A3_Q1495R_mutant_sae_features.npz,True
COL4A4,p.Gly1508Ser,G1508S,COL4A4_G1508S_mutant_sae_features.npz,True
COL4A4,p.Cys1588Ser,C1588S,COL4A4_C1588S_mutant_sae_features.npz,False
COL4A4,p.Cys1641Arg,C1641R,COL4A4_C1641R_mutant_sae_features.npz,False
COL4A4,p.Phe1650Leu,F1650L,COL4A4_F1650L_mutant_sae_features.npz,False
COL4A4,p.Met1603Thr,M1603T,COL4A4_M1603T_mutant_sae_features.npz,False
COL4A4,p.Met1552Ile,M1552I,COL4A4_M1552I_mutant_sae_features.npz,False
COL4A4,p.Ala1558Val,A1558V,COL4A4_A1558V_mutant_sae_features.npz,False
COL4A4,p.Gln1610Arg,Q1610R,COL4A4_Q1610R_mutant_sae_features.npz,False
COL4A5,p.Cys1684Tyr,C1684Y,COL4A5_C1684Y_mutant_sae_features.npz,False
COL4A5,p.Arg1569Pro,R1569P,COL4A5_R1569P_mutant_sae_features.npz,False
COL4A5,p.Cys1638Arg,C1638R,COL4A5_C1638R_mutant_sae_features.npz,False
COL4A5,p.Cys1644Gly,C1644G,COL4A5_C1644G_mutant_sae_features.npz,False
COL4A5,p.Cys1570Ser,C1570S,COL4A5_C1570S_mutant_sae_features.npz,False
COL4A5,p.Ile1529Thr,I1529T,COL4A5_I1529T_mutant_sae_features.npz,False
