gene,region,seq_len,n_features,nnz,npz
HTT,"chr4:3,041,363-3,243,957",202595,32768,12775347,HTT_sae_features.npz
FMR1,"chrX:147,911,858-147,951,125",39268,32768,2513152,FMR1_sae_features.npz
DMPK,"chr19:45,769,709-45,782,794",13086,32768,837504,DMPK_sae_features.npz
FXN,"chr9:69,035,730-69,079,076",43347,32768,2774208,FXN_sae_features.npz
CNBP,"chr3:129,167,291-129,184,008",16718,32768,1069952,CNBP_sae_features.npz
C9orf72,"chr9:27,535,640-27,573,895",38256,32768,2448384,C9orf72_sae_features.npz
LORICRIN,"chr1:153,259,687-153,262,124",2438,32768,156032,LORICRIN_sae_features.npz
ELN,"chr7:74,027,773-74,069,909",42137,32768,2696768,ELN_sae_features.npz
TPM1,"chr15:63,042,130-63,071,915",29786,32768,1906304,TPM1_sae_features.npz
