gene,protein_change,clinvar_classification,GRCh38_chr,GRCh38_pos,ref,alt,evo2_delta_score
COL4A3,p.Cys1616Tyr,P/LP,2,227310867,G,A,-0.005861
COL4A3,p.Ser1492Cys,P,2,227308910,A,T,-0.002693
COL4A3,p.Leu1598Arg,P/LP,2,227310813,T,G,-0.002376
COL4A3,p.Arg1661His,P/LP,2,227311839,G,A,-0.001999
COL4A4,p.Gly1508Ser,LP,2,227010313,C,T,-0.010340
COL4A4,p.Cys1588Ser,LP,2,227008065,A,T,-0.004560
COL4A4,p.Cys1641Arg,LP,2,227007477,A,G,-0.003512
COL4A4,p.Phe1650Leu,LP,2,227007450,A,G,-0.000736
COL4A4,p.Met1603Thr,LP,2,227008019,A,G,-0.000648
COL4A5,p.Cys1684Tyr,P/LP,X,108696353,G,A,-0.015491
COL4A5,p.Arg1569Pro,LP,X,108692925,G,C,-0.011376
COL4A5,p.Cys1638Arg,P/LP,X,108695357,T,C,-0.009734
COL4A5,p.Cys1644Gly,P,X,108695375,T,G,-0.009676
COL4A5,p.Cys1570Ser,P,X,108694809,G,C,-0.009002
COL4A3,p.Gln1495Arg,B/LB,2,227308920,A,G,-0.000400
COL4A4,p.Met1552Ile,B,2,227008171,C,T,-0.000618
COL4A4,p.Ala1558Val,LB,2,227008154,G,A,-0.000574
COL4A4,p.Gln1610Arg,LB,2,227007569,T,C,-0.000456
COL4A5,p.Ile1529Thr,LB,X,108692805,T,C,-0.000090
